{"meta": {"version": "2020-12"}, "widget_settings": {"active_color": "#a77028", "auto_inject": "true", "background_color": "#d1d8e5", "bundle_translations": "{\"cpb_your_next_order\": \"Your next order: {nextDeliveryDate}\", \"cpb_contents_for\": \"Contents for your {nextChargeDate} order\", \"cpb_your\": \"{title}\", \"cpb_frequency\": \"Frequency\", \"cpb_frequency_values\": \"Only once|Every {unit}|Every {count} {unit}\", \"cpb_filters\": \"Filters\", \"cpb_select_bundle_contents\": \"Select {title} contents\", \"cpb_update_bundle_contents\": \"Update contents\", \"cpb_add\": \"+ Add\", \"cpb_remove\": \"\\u00d7 Remove\", \"cpb_cancel\": \"Cancel\", \"cpb_apply_filters\": \"Apply\", \"cpb_clear_all_filters\": \"Clear All\", \"cpb_select_your_contents_to_continue_title_modal\": \"Select your contents to continue\", \"cpb_select_your_contents_to_continue_message_modal\": \"Your next order is {nextDeliveryDate}. Make sure to choose your bundle contents before then.\", \"cpb_add_items_to_continue\": \"Add {remainder} to continue\", \"cpb_remove_items_to_continue\": \"Remove {remainder} to continue\", \"cpb_add_more_items\": \"Choose more to continue\", \"cpb_remove_some_items\": \"Remove some to continue\", \"cpb_items_selected\": \"{count} items selected\", \"cpb_selection_count_alert\": \"{count} selected\", \"cpb_items_selected_filters\": \"{count} selected\", \"cpb_save_button_text\": \"Save\", \"cpb_saving_message\": \"Saving your changes\", \"cpb_saved_message\": \"Your changes have been saved!\", \"cpb_month\": \"month|months\", \"cpb_week\": \"week|weeks\", \"cpb_day\": \"day|days\", \"cpb_add_to_order\": \"Add to order\", \"cpb_dynamic_ranges_max_selection_alert\": \"Add up to {max} to continue\", \"cpb_dynamic_ranges_add\": \"Add {min} - {max} to continue\", \"cpb_dynamic_ranges_add_at_least\": \"Add at least {min} to continue\", \"cpb_dynamic_ranges_choose_at_least\": \"Choose at least {remainder}\", \"cpb_dynamic_ranges_choose_as_many_as_you_like\": \"Choose as many as you like\", \"cpb_status_add\": \"Choose {min}\", \"cpb_status_choose_at_least\": \"Choose at least {min}\", \"cpb_status_add_range\": \"Choose {min} - {max}\", \"cpb_tier_discount_save_title\": \"Save {discount}\", \"cpb_tier_discount_add_message\": \"Add {quantity},\", \"pdp_bundle_contents\": \"Contents\", \"pdp_month\": \"month|months\", \"pdp_week\": \"week|weeks\", \"pdp_day\": \"day|days\", \"pdp_sold_out\": \"Sold out\", \"pdp_add\": \"+ Add\", \"pdp_remove\": \"\\u00d7 Remove\", \"pdp_add_to_cart\": \"Add to cart\", \"pdp_proceed_to_cart\": \"Proceed to cart\", \"pdp_back\": \"Go back\", \"pdp_next\": \"Next\", \"pdp_cancel\": \"Cancel\", \"pdp_product_added\": \"Added\", \"pdp_add_to_cart_failed\": \"Add to cart failed\", \"pdp_filters\": \"Filters\", \"pdp_apply_filters\": \"Apply\", \"pdp_clear_all_filters\": \"Clear all\", \"pdp_choose_items\": \"Choose {remainder}\", \"pdp_choose_maximum\": \"Choose up to {remainder}\", \"pdp_choose_range\": \"Choose {min} - {max}\", \"pdp_items_selected_filters\": \"{count} selected\", \"pdp_add_items_to_continue\": \"Add {remainder} to continue\", \"pdp_remove_items_to_continue\": \"Remove {remainder} to continue\", \"pdp_update_your_selections_to_continue\": \"Update your selections to continue\", \"pdp_items_selected\": \"{count} items selected\", \"pdp_plan_changed_alert\": \"Plan changed - update your selections to continue\", \"pdp_choose_items_alert\": \"Choose {remainder} from {collectionTitle} to continue\", \"pdp_remove_items_alert\": \"Remove {remainder} from {collectionTitle} to continue\", \"pdp_selection_count_alert\": \"{count} selected\", \"pdp_selection_completed_alert\": \"{collectionTitle} selection completed!\", \"pdp_add_to_cart_alert\": \"Bundle completed! You can add to cart now\", \"pdp_max_per_item_reached_alert\": \"You can order up to {max} of each item\", \"pdp_repeating_add-ons\": \"Add-ons\", \"pdp_one-off_extras\": \"One-off extras\", \"pdp_add_to_cart_extras\": \"Add extras to cart\", \"pdp_add_repeating_add-ons\": \"Feel like a little more?\", \"pdp_add_repeating_add-ons_description\": \"Add some delicious extras to your plan. We\\u2019ll send these with every delivery, until you tell us not to.\", \"pdp_add_one-off_extras\": \"Your order\\u2019s in! Fancy some one-off treats?\", \"pdp_add_one-off_extras_description\": \"Products you select here will only be added to your first delivery.\", \"pdp_frequency\": \"Frequency\", \"pdp_subscribe\": \"Subscribe\", \"pdp_only_once\": \"Only once\", \"pdp_frequency_value\": \"Only once|Every {unit}|Every {count} {unit}\", \"pdp_order_summary\": \"Summary\", \"pdp_regular_delivery\": \"Regular delivery\", \"pdp_total\": \"Order total\", \"pdp_dynamic_ranges_add\": \"Add {min} - {max} to continue\", \"pdp_dynamic_ranges_add_at_least\": \"Add at least {min} to continue\", \"pdp_dynamic_ranges_choose_at_least\": \"Choose at least {remainder}\", \"pdp_dynamic_ranges_choose_as_many_as_you_like\": \"Choose as many as you like\", \"pdp_status_add\": \"Choose {min}\", \"pdp_status_choose_at_least\": \"Choose at least {min}\", \"pdp_status_add_range\": \"Choose {min} - {max}\", \"pdp_tier_discount_save_title\": \"Save {discount}\", \"pdp_tier_discount_add_message\": \"Add {quantity},\", \"pdp_tier_discount_notice_message\": \"You earned an {discountMsj} because you added more to your bundle. Earn even more\", \"pdp_tier_discount_extra_discount_off\": \"extra {discount} off\"}", "delivery_dropdown_label": "Delivery", "display_on": "[\"product\"]", "first_option": "autodeliver", "font_color": "#a77028", "form_type": "button", "how_it_works": "<strong>How subscriptions work</strong><br>Products are automatically delivered on your schedule. No obligation, modify or cancel your subscription anytime.", "learnmore_url": "http://rechargepayments.com/subscribe-with-recharge", "learnmore_verbiage": "Learn more...", "onetime_message": "One-time purchase", "popup_background_color": "#38516b", "popup_link_color": "#FFFFFF", "popup_text_color": "#FFFFFF", "poweredby_url": "http://rechargepayments.com/subscribe-with-recharge", "published": "true", "select_subscription_first": "true", "show_learnmore": "true", "show_poweredby": "false", "show_subscription_details": "true", "show_subscription_details_icon": "true", "sub_and_save_ext_label": "on every recurring order", "subscribe_message": "Subscribe &amp; save", "subscribe_without_discount_message": "Subscribe", "subscription_details_verbiage": "Subscription details", "translations": "{\"days\":\"Days\",\"week\":\"Week\",\"weeks\":\"Weeks\",\"month\":\"Month\",\"months\":\"Months\"}", "use_plans_data": "true", "widget_charge_every": "Charge every", "widget_deliver_every": "Delivery every", "widget_icon": "#191D48", "widget_template_type": "radio"}}